ticker,name,date,close,prev,chg,source
004370,농심,2026-10-07,399000.0,396500.0,0.63,fdr
035720,카카오,2026-10-07,32900.0,33550.0,-1.94,fdr
005930,삼성전자,2026-10-07,269000.0,273000.0,-1.47,fdr
021240,코웨이,2026-10-07,101100.0,100300.0,0.8,fdr
033780,KT&G,2026-10-07,178700.0,176300.0,1.36,fdr
018260,삼성SDS,2026-10-07,207000.0,220000.0,-5.91,fdr
002840,미원상사,2026-10-07,137500.0,136600.0,0.66,fdr
014680,한솔케미칼,2026-10-07,264500.0,276500.0,-4.34,fdr
003230,삼양식품,2026-10-07,1211000.0,1204000.0,0.58,fdr
000080,하이트진로,2026-10-07,14770.0,14790.0,-0.14,fdr
035420,NAVER,2026-10-07,188100.0,191900.0,-1.98,fdr
271560,오리온,2026-10-07,106100.0,106400.0,-0.28,fdr
012750,에스원,2026-10-07,83600.0,84700.0,-1.3,fdr
030000,제일기획,2026-10-07,18900.0,18640.0,1.39,fdr
067160,SOOP,2026-10-07,36400.0,36800.0,-1.09,fdr
007310,오뚜기,2026-10-07,313500.0,315000.0,-0.48,fdr
051900,LG생활건강,2026-10-07,270500.0,267000.0,1.31,fdr
CPNG,쿠팡,2026-10-06,14.42,14.2,1.55,fdr
NKE,나이키,2026-10-06,34.61,33.96,1.91,fdr
DIS,디즈니,2026-10-06,104.03,103.61,0.41,fdr
